{"cameraMode":{"drawMode":0,"name":"Shaded","section":"Shading Mode"},"sceneLighting":true,"audioPlay":false,"sceneViewState":{"showFog":true,"showMaterialUpdate":false,"showSkybox":true,"showFlares":true,"showImageEffects":true,"showParticleSystems":true},"in2DMode":false,"pivot":{"x":5.399774551391602,"y":0.9460005760192871,"z":0.5890481472015381},"rotation":{"x":-0.2953305244445801,"y":-0.19260427355766297,"z":0.06091513857245445,"w":-0.9338148236274719},"size":1.4722431898117066,"orthographic":false}