{"cameraMode":{"drawMode":0,"name":"Shaded","section":"Shading Mode"},"sceneLighting":false,"audioPlay":false,"sceneViewState":{"showFog":false,"showMaterialUpdate":false,"showSkybox":false,"showFlares":false,"showImageEffects":false,"showParticleSystems":false},"in2DMode":false,"pivot":{"x":11.020503044128418,"y":2.477724075317383,"z":4.156327724456787},"rotation":{"x":-0.2081955075263977,"y":-0.6301532983779907,"z":0.1807297170162201,"w":-0.725903332233429},"size":4.547402858734131,"orthographic":false}