{"cameraMode":{"drawMode":0,"name":"Shaded","section":"Shading Mode"},"sceneLighting":true,"audioPlay":false,"sceneViewState":{"showFog":false,"showMaterialUpdate":false,"showSkybox":true,"showFlares":false,"showImageEffects":false,"showParticleSystems":false},"in2DMode":false,"pivot":{"x":85.36727905273438,"y":-36.29273223876953,"z":25.928844451904298},"rotation":{"x":0.23926149308681489,"y":0.5547989010810852,"z":-0.17054088413715363,"w":0.7784299254417419},"size":77.68861389160156,"orthographic":false}